"Gross domestic product (GDP) at basic prices, by industry, monthly (x 1,000,000) 1 2",,,,,,,,,,,,,,,,,,,,,,,,,,,,,,,,,,,,,,,,,,,,,,,,,,,,,,,,,,,,,,,,,,,,,,,,,,,,,,,,,,,,,,,,,,,,,,,,,,,,,,,,,,,,,,
Frequency: Monthly,,,,,,,,,,,,,,,,,,,,,,,,,,,,,,,,,,,,,,,,,,,,,,,,,,,,,,,,,,,,,,,,,,,,,,,,,,,,,,,,,,,,,,,,,,,,,,,,,,,,,,,,,,,,,,
Table: 36-10-0434-01 (formerly CANSIM 379-0031),,,,,,,,,,,,,,,,,,,,,,,,,,,,,,,,,,,,,,,,,,,,,,,,,,,,,,,,,,,,,,,,,,,,,,,,,,,,,,,,,,,,,,,,,,,,,,,,,,,,,,,,,,,,,,
Release date: 2025-03-28,,,,,,,,,,,,,,,,,,,,,,,,,,,,,,,,,,,,,,,,,,,,,,,,,,,,,,,,,,,,,,,,,,,,,,,,,,,,,,,,,,,,,,,,,,,,,,,,,,,,,,,,,,,,,,
Geography: Canada,,,,,,,,,,,,,,,,,,,,,,,,,,,,,,,,,,,,,,,,,,,,,,,,,,,,,,,,,,,,,,,,,,,,,,,,,,,,,,,,,,,,,,,,,,,,,,,,,,,,,,,,,,,,,,
,,,,,,,,,,,,,,,,,,,,,,,,,,,,,,,,,,,,,,,,,,,,,,,,,,,,,,,,,,,,,,,,,,,,,,,,,,,,,,,,,,,,,,,,,,,,,,,,,,,,,,,,,,,,,,
,,,,,,,,,,,,,,,,,,,,,,,,,,,,,,,,,,,,,,,,,,,,,,,,,,,,,,,,,,,,,,,,,,,,,,,,,,,,,,,,,,,,,,,,,,,,,,,,,,,,,,,,,,,,,,
,,,,,,,,,,,,,,,,,,,,,,,,,,,,,,,,,,,,,,,,,,,,,,,,,,,,,,,,,,,,,,,,,,,,,,,,,,,,,,,,,,,,,,,,,,,,,,,,,,,,,,,,,,,,,,
Seasonal adjustment,Seasonally adjusted at annual rates,,,,,,,,,,,,,,,,,,,,,,,,,,,,,,,,,,,,,,,,,,,,,,,,,,,,,,,,,,,,,,,,,,,,,,,,,,,,,,,,,,,,,,,,,,,,,,,,,,,,,,,,,,,,,
Prices,Chained (2017) dollars 3,,,,,,,,,,,,,,,,,,,,,,,,,,,,,,,,,,,,,,,,,,,,,,,,,,,,,,,,,,,,,,,,,,,,,,,,,,,,,,,,,,,,,,,,,,,,,,,,,,,,,,,,,,,,,
Geography,Canada,,,,,,,,,,,,,,,,,,,,,,,,,,,,,,,,,,,,,,,,,,,,,,,,,,,,,,,,,,,,,,,,,,,,,,,,,,,,,,,,,,,,,,,,,,,,,,,,,,,,,,,,,,,,,
North American Industry Classification System (NAICS),December 2015,January 2016,February 2016,March 2016,April 2016,May 2016,June 2016,July 2016,August 2016,September 2016,October 2016,November 2016,December 2016,January 2017,February 2017,March 2017,April 2017,May 2017,June 2017,July 2017,August 2017,September 2017,October 2017,November 2017,December 2017,January 2018,February 2018,March 2018,April 2018,May 2018,June 2018,July 2018,August 2018,September 2018,October 2018,November 2018,December 2018,January 2019,February 2019,March 2019,April 2019,May 2019,June 2019,July 2019,August 2019,September 2019,October 2019,November 2019,December 2019,January 2020,February 2020,March 2020,April 2020,May 2020,June 2020,July 2020,August 2020,September 2020,October 2020,November 2020,December 2020,January 2021,February 2021,March 2021,April 2021,May 2021,June 2021,July 2021,August 2021,September 2021,October 2021,November 2021,December 2021,January 2022,February 2022,March 2022,April 2022,May 2022,June 2022,July 2022,August 2022,September 2022,October 2022,November 2022,December 2022,January 2023,February 2023,March 2023,April 2023,May 2023,June 2023,July 2023,August 2023,September 2023,October 2023,November 2023,December 2023,January 2024,February 2024,March 2024,April 2024,May 2024,June 2024,July 2024,August 2024,September 2024,October 2024,November 2024,December 2024,January 2025
,Dollars,,,,,,,,,,,,,,,,,,,,,,,,,,,,,,,,,,,,,,,,,,,,,,,,,,,,,,,,,,,,,,,,,,,,,,,,,,,,,,,,,,,,,,,,,,,,,,,,,,,,,,,,,,,,,
All industries  [T001] 4,"1,918,886","1,930,434","1,924,854","1,917,766","1,922,103","1,911,266","1,920,490","1,931,887","1,936,423","1,941,422","1,940,404","1,947,701","1,953,152","1,962,254","1,969,304","1,978,060","1,987,668","1,992,055","1,996,878","1,996,019","1,994,122","1,999,220","1,999,518","2,008,970","2,014,340","2,020,721","2,031,403","2,039,914","2,040,275","2,047,718","2,050,188","2,054,500","2,056,138","2,059,567","2,063,118","2,059,427","2,062,691","2,067,478","2,061,962","2,073,732","2,086,598","2,092,359","2,096,319","2,097,225","2,097,381","2,098,372","2,099,541","2,099,164","2,109,773","2,111,889","2,116,239","1,956,667","1,747,909","1,827,719","1,935,937","1,986,260","2,006,168","2,024,936","2,037,235","2,050,923","2,056,578","2,069,959","2,074,161","2,095,037","2,074,294","2,068,403","2,086,880","2,101,011","2,118,070","2,127,260","2,144,935","2,156,435","2,165,059","2,157,548","2,173,306","2,188,890","2,187,675","2,193,450","2,198,676","2,201,010","2,206,930","2,210,482","2,206,747","2,205,410","2,198,020","2,219,088","2,223,989","2,230,182","2,229,312","2,231,269","2,228,073","2,228,857","2,231,565","2,230,741","2,234,639","2,238,191","2,234,502","2,241,717","2,251,145","2,251,528","2,260,027","2,261,862","2,262,724","2,265,571","2,268,589","2,274,501","2,281,736","2,275,809","2,282,475","2,291,701"
Goods-producing industries  [T002] 4,"532,036","535,618","530,212","524,772","526,789","514,234","521,424","528,131","529,972","531,708","530,060","534,229","537,681","541,243","541,117","543,571","547,314","549,602","551,174","552,649","546,788","549,159","548,010","552,832","553,561","555,891","561,587","568,051","567,485","566,040","567,748","568,844","566,429","565,498","565,148","561,699","558,824","558,703","557,700","563,088","569,995","573,348","572,246","568,252","566,933","567,269","566,814","565,109","566,539","563,763","569,167","540,118","459,642","500,095","527,771","537,457","538,984","542,336","545,901","551,391","556,875","561,925","558,614","562,678","558,097","554,883","558,590","556,410","556,498","554,135","562,525","560,557","565,800","571,962","576,730","580,504","581,748","581,473","584,583","584,429","585,656","586,695","581,375","579,773","572,824","577,810","579,585","581,292","581,353","575,474","576,001","576,317","576,148","573,910","575,070","578,424","577,428","571,588","575,067","575,334","577,409","578,632","577,142","576,347","576,610","576,354","580,607","576,644","578,684","585,320"
Service-producing industries  [T003] 4,"1,386,853","1,395,008","1,394,697","1,392,951","1,395,321","1,396,728","1,398,921","1,403,709","1,406,416","1,409,687","1,410,245","1,413,405","1,415,439","1,421,952","1,429,160","1,435,347","1,440,962","1,442,645","1,445,604","1,442,975","1,446,767","1,449,388","1,450,822","1,455,497","1,460,269","1,464,592","1,469,585","1,471,644","1,472,653","1,481,669","1,482,461","1,485,692","1,489,801","1,494,208","1,498,103","1,497,864","1,504,036","1,508,902","1,504,365","1,510,723","1,516,636","1,519,029","1,524,125","1,529,043","1,530,541","1,531,214","1,532,876","1,534,245","1,543,433","1,547,993","1,547,231","1,417,639","1,287,600","1,328,268","1,408,669","1,448,998","1,467,064","1,482,305","1,491,005","1,499,244","1,499,640","1,505,746","1,514,038","1,531,307","1,515,319","1,513,037","1,528,133","1,545,212","1,562,743","1,574,845","1,583,759","1,597,753","1,600,712","1,586,088","1,596,905","1,608,697","1,606,048","1,612,240","1,614,118","1,616,661","1,621,365","1,623,874","1,625,885","1,626,281","1,626,358","1,642,524","1,645,564","1,650,094","1,649,166","1,657,712","1,653,860","1,654,328","1,657,324","1,658,948","1,661,665","1,661,613","1,658,898","1,672,757","1,678,613","1,678,686","1,685,129","1,685,647","1,688,178","1,691,981","1,694,792","1,701,143","1,703,883","1,702,185","1,706,777","1,708,931"
Business sector industries  [T004],"1,558,965","1,569,499","1,562,950","1,555,223","1,559,151","1,547,057","1,556,003","1,567,694","1,571,803","1,576,121","1,575,204","1,582,154","1,587,568","1,597,765","1,604,354","1,612,686","1,621,746","1,625,421","1,628,701","1,626,367","1,623,030","1,626,677","1,626,692","1,635,271","1,639,442","1,644,431","1,653,903","1,661,368","1,660,439","1,666,490","1,668,077","1,671,789","1,672,970","1,676,250","1,679,473","1,675,651","1,679,003","1,683,129","1,677,327","1,688,321","1,700,896","1,706,183","1,709,859","1,709,609","1,709,532","1,710,516","1,710,467","1,709,535","1,718,742","1,719,331","1,723,032","1,585,356","1,393,618","1,463,879","1,566,157","1,606,804","1,621,321","1,636,767","1,647,108","1,660,040","1,663,671","1,676,465","1,679,303","1,696,463","1,679,729","1,670,779","1,686,559","1,698,680","1,715,658","1,723,041","1,741,560","1,752,117","1,760,178","1,754,462","1,767,849","1,783,274","1,781,211","1,785,088","1,788,554","1,790,015","1,795,093","1,797,770","1,791,309","1,788,188","1,779,619","1,798,734","1,802,298","1,807,571","1,808,793","1,807,879","1,803,742","1,803,766","1,805,344","1,803,850","1,807,548","1,814,742","1,815,521","1,812,824","1,820,026","1,818,603","1,825,933","1,825,528","1,825,475","1,826,337","1,827,792","1,833,361","1,840,630","1,835,062","1,841,290","1,849,100"
Non-business sector industries  [T007],"359,864","360,962","361,881","362,548","362,978","364,230","364,513","364,208","364,618","365,283","365,167","365,448","365,432","365,432","366,008","366,357","366,679","366,951","368,123","369,244","370,476","371,760","372,011","372,936","374,279","375,940","377,204","378,358","379,757","381,238","382,181","382,831","383,317","383,480","383,823","383,939","383,808","384,414","384,691","385,476","385,743","386,218","386,496","387,611","387,828","387,818","389,033","389,554","390,918","393,074","393,776","371,481","353,496","363,219","369,701","379,285","384,513","387,741","389,562","390,229","392,047","392,502","394,075","397,977","394,150","397,458","400,268","402,365","402,441","404,288","403,363","404,275","404,738","402,889","405,104","405,172","406,034","407,918","409,651","410,530","411,343","412,226","415,016","416,827","418,070","419,953","421,249","422,186","420,073","423,019","424,031","424,848","426,040","426,791","426,994","423,310","418,802","429,012","431,149","432,913","434,007","436,230","437,122","439,099","440,664","440,961","440,892","440,552","440,991","442,391"
Industrial production  [T010] 4,"349,193","353,006","349,099","345,546","346,825","336,722","345,252","351,103","353,528","353,909","351,653","355,079","358,327","360,661","359,808","361,961","363,438","367,372","366,300","366,577","361,327","362,092","359,441","363,364","364,655","366,530","370,894","377,099","376,336","374,604","377,494","379,505","378,372","378,246","378,787","376,293","373,400","372,179","371,757","376,323","382,786","383,893","380,538","374,887","374,923","374,872","374,248","372,038","372,860","370,281","375,173","350,192","296,702","316,291","334,960","347,326","349,535","352,727","355,071","360,955","364,795","368,936","364,068","365,861","358,602","358,953","365,196","366,408","368,206","367,106","373,374","369,956","372,882","376,508","378,578","380,753","382,065","381,383","384,079","383,651","383,513","385,632","379,837","379,181","373,592","378,547","381,469","382,656","382,299","378,594","378,975","379,316","379,958","378,762","379,682","383,185","382,569","376,998","379,282","378,323","381,340","382,351","381,429","380,483","379,536","377,815","381,927","377,850","379,330","384,674"
Non-durable manufacturing industries  [T011] 4,"91,558","92,509","91,884","92,586","92,717","91,160","91,850","93,339","93,374","93,108","92,055","93,244","93,497","93,233","93,769","94,321","94,593","94,968","95,388","94,606","92,747","93,349","93,767","94,497","94,646","95,985","95,789","96,019","95,080","94,251","97,375","97,859","96,996","98,054","96,374","96,544","95,514","95,724","94,758","95,029","95,460","96,094","94,932","94,505","94,639","95,117","95,755","96,030","96,025","94,017","94,626","92,144","79,818","84,374","89,488","92,973","93,057","94,137","96,009","97,169","96,488","97,226","95,378","96,506","95,428","94,768","95,996","96,161","97,338","96,117","97,717","97,715","98,994","99,562","100,794","101,307","99,610","98,029","98,486","98,595","98,679","98,827","97,994","96,425","95,696","96,282","95,886","97,241","96,928","97,537","95,764","95,070","94,764","95,106","94,106","96,186","95,222","96,215","95,783","94,053","94,726","96,088","95,657","95,023","94,950","94,073","94,813","93,594","93,585","92,969"
Durable manufacturing industries  [T012] 4,"111,941","113,427","111,972","110,185","110,942","109,512","111,228","110,061","110,062","110,573","109,153","110,525","111,320","112,626","111,569","112,659","113,267","114,036","113,767","112,907","111,984","111,951","113,338","115,323","114,445","115,350","116,149","117,903","119,882","117,557","118,043","116,901","116,434","116,851","118,628","117,284","117,266","118,304","118,208","119,227","117,396","121,003","119,856","119,247","118,896","118,368","116,614","117,067","115,918","111,092","113,966","98,797","73,957","84,951","100,735","106,153","109,801","110,167","108,959","110,588","111,478","113,489","111,759","112,840","109,747","109,370","111,034","110,055","110,517","108,285","111,568","113,401","113,871","116,207","115,900","117,338","116,976","116,821","118,960","116,764","116,670","116,926","115,065","116,143","115,154","117,366","119,763","118,465","117,656","118,423","118,583","117,280","118,397","117,642","117,159","116,267","115,207","114,110","113,681","112,930","113,201","114,111","111,803","110,660","110,566","110,758","111,032","111,196","108,940","111,069"
Information and communication technology sector  [T013] 4,"83,395","83,559","84,191","84,420","84,042","85,287","85,228","85,972","86,967","86,948","87,413","87,218","87,658","87,469","87,816","88,446","89,116","89,367","90,444","89,800","89,463","90,445","90,391","91,745","92,462","93,899","94,917","95,597","95,722","96,061","96,434","96,717","97,396","97,731","98,097","98,501","98,836","99,893","100,655","101,002","101,515","101,878","103,221","103,150","104,049","104,585","104,996","106,286","107,122","105,316","105,572","101,956","102,787","102,919","104,458","106,148","107,242","107,679","109,421","110,809","110,621","113,903","112,820","113,622","113,635","114,399","114,564","115,828","117,011","118,593","119,883","121,340","122,594","123,534","124,397","124,715","124,871","126,053","126,420","128,405","128,757","129,812","130,097","129,873","130,102","130,706","132,202","131,706","131,698","132,117","132,577","131,487","132,080","132,273","132,402","132,100","131,200","132,236","132,443","132,526","132,995","132,539","133,444","132,342","132,316","132,938","132,723","132,287","131,991","131,138"
Energy sector  [T016] 4,"130,264","132,422","130,342","128,513","128,007","119,190","126,677","132,880","135,551","136,396","135,071","136,423","138,425","138,967","138,180","138,855","139,301","142,621","141,036","141,817","139,793","140,956","137,077","138,036","141,549","142,280","144,239","148,399","144,901","145,295","146,730","149,022","149,749","147,651","149,418","147,829","144,599","143,128","143,335","145,125","151,370","150,670","150,338","146,601","146,897","147,236","148,093","146,720","149,395","149,223","151,372","147,733","137,640","135,677","130,290","131,071","128,127","130,217","134,506","136,878","138,754","141,277","141,220","140,379","137,065","139,870","143,051","143,049","144,826","146,737","147,610","144,168","144,492","146,544","147,593","147,643","149,981","149,442","149,197","151,023","151,862","153,590","150,720","149,611","146,602","148,935","150,787","152,082","152,248","148,490","150,200","151,456","150,561","149,534","151,115","153,807","154,609","149,323","151,768","153,437","155,130","154,807","156,763","156,779","156,363","154,695","158,025","155,341","158,630","162,270"
Industrial production (1950 definition)  [T017] 4,"342,652","346,464","342,550","339,003","340,278","330,124","338,592","344,378","346,753","347,102","344,911","348,324","351,608","353,896","353,044","355,152","356,690","360,608","359,559","359,810","354,554","355,361","352,779","356,812","358,055","359,725","363,970","370,054","369,251","367,438","370,224","372,181","371,018","370,817","371,276","368,672","365,742","364,352","363,929","368,533","374,948","376,167","372,870","367,326","367,345","367,276","366,533","364,299","365,050","362,378","367,198","344,259","291,138","310,639","328,846","341,097","343,171","346,226","348,355","354,035","357,658","361,617","356,697","358,367","351,067","351,358","357,536","358,613","360,276","359,097","365,301","361,893","364,774","368,403","370,467","372,656","374,066","373,359","376,002","375,548","375,434","377,577","371,784","371,075","365,549","370,435","373,283","374,451","374,019","370,293","370,666","371,024","371,628","370,419","371,325","374,775","374,154","368,551","370,816","369,832","372,810","373,840","372,934","371,957","371,005","369,231","373,314","369,275","370,615","375,823"
Public Sector  [T018] 4,"389,601","390,737","391,774","392,674","393,135","394,486","394,918","394,766","395,217","395,928","395,865","396,117","396,101","396,412","397,134","397,723","397,854","398,185","399,492","400,334","401,775","403,165","403,208","404,202","405,664","407,681","408,961","410,345","411,896","413,415","414,471","415,353","415,830","416,232","416,767","417,221","417,656","418,482","418,729","419,473","419,782","420,068","420,636","422,133","422,839","422,968","424,208","424,986","426,840","427,623","428,807","401,652","375,160","387,558","400,435","412,414","417,725","421,216","423,921","425,083","426,834","428,188","429,718","433,626","429,780","433,084","436,089","438,432","438,544","440,675","439,770","440,660","441,322","439,814","441,926","442,197","442,971","444,708","446,441","447,548","448,319","449,341","451,680","453,185","454,334","456,344","458,017","459,247","456,996","460,078","461,048","461,767","463,081","463,972","464,437","460,793","456,380","466,644","469,048","470,882","471,959","474,279","475,332","477,386","478,996","479,402","479,466","479,120","480,031","481,192"
Content and media sector  [T019] 4,"13,852","13,997","14,056","14,082","14,040","14,057","14,103","14,082","14,539","14,357","14,318","14,336","14,314","14,393","14,346","14,426","14,416","14,496","14,449","14,353","14,280","14,264","14,007","14,008","14,042","14,097","14,332","14,220","14,124","14,265","14,326","14,379","14,171","14,032","14,125","14,103","14,178","14,275","14,144","14,132","14,261","14,324","14,478","14,339","14,370","14,383","14,441","14,543","14,642","14,289","14,466","12,073","9,353","9,645","10,551","11,472","12,990","13,131","13,210","12,989","12,987","12,943","12,813","13,025","12,846","13,009","13,114","13,438","14,072","13,744","13,743","13,718","13,891","13,744","14,134","13,884","13,852","14,006","13,899","13,828","14,029","14,034","13,998","13,912","13,660","13,517","13,718","13,629","13,599","13,472","13,239","12,743","12,465","12,301","12,051","12,343","12,407","12,990","12,566","12,580","12,480","12,491","12,507","12,446","12,674","12,416","12,466","12,387","12,255","12,174"
All industries (except cannabis sector)  [T020] 4,"1,914,674","1,926,367","1,920,762","1,913,682","1,918,032","1,907,192","1,916,406","1,927,788","1,932,302","1,937,324","1,936,265","1,943,538","1,948,980","1,959,058","1,966,242","1,974,917","1,984,320","1,988,300","1,992,673","1,991,435","1,989,314","1,994,255","1,994,552","2,003,965","2,009,289","2,015,642","2,026,354","2,034,997","2,035,482","2,043,034","2,045,539","2,049,845","2,051,479","2,054,978","2,058,596","2,054,970","2,058,296","2,062,364","2,056,988","2,068,549","2,081,060","2,086,564","2,090,460","2,091,147","2,091,244","2,092,241","2,092,593","2,092,628","2,103,554","2,105,556","2,109,990","1,950,565","1,742,022","1,821,786","1,929,843","1,980,088","1,999,959","2,018,709","2,030,746","2,044,182","2,049,474","2,062,762","2,067,202","2,088,193","2,067,673","2,061,891","2,080,431","2,094,571","2,111,685","2,120,859","2,138,454","2,149,927","2,158,416","2,150,816","2,166,458","2,181,932","2,180,660","2,186,364","2,191,546","2,193,879","2,199,757","2,203,359","2,199,628","2,198,358","2,191,039","2,212,122","2,217,019","2,223,196","2,222,269","2,224,262","2,220,977","2,221,646","2,224,301","2,223,477","2,227,270","2,230,853","2,227,144","2,234,431","2,243,930","2,244,277","2,252,735","2,254,550","2,255,369","2,258,175","2,261,131","2,267,030","2,274,268","2,268,353","2,274,942","2,284,188"
Cannabis sector  [T021] 4,"4,097","4,084","4,086","4,082","4,088","4,085","4,094","4,101","4,105","4,107","4,120","4,124","4,134","4,147","4,163","4,172","4,180","4,188","4,204","4,210","4,195","4,153","4,091","4,124","4,249","4,469","4,585","4,640","4,658","4,691","4,763","4,866","4,903","4,867","4,800","4,696","4,594","5,112","4,950","5,210","5,621","5,914","6,002","6,241","6,278","6,273","7,238","6,711","6,270","6,490","6,534","6,561","6,470","6,478","6,593","6,602","6,546","6,436","6,613","6,727","6,970","6,837","6,726","6,812","6,778","6,809","6,867","6,966","6,923","6,955","7,061","7,043","7,131","7,130","7,168","7,280","7,345","7,443","7,463","7,501","7,560","7,571","7,597","7,570","7,544","7,563","7,478","7,407","7,421","7,334","7,451","7,560","7,687","7,631","7,754","7,716","7,754","7,682","7,628","7,688","7,739","7,771","7,842","7,906","8,004","7,971","7,995","8,028","8,104","8,049"
All industries (except unlicensed cannabis sector)  [T024] 4,"1,914,988","1,926,720","1,921,142","1,914,026","1,918,323","1,907,428","1,916,605","1,927,913","1,932,346","1,937,255","1,936,133","1,943,275","1,948,630","1,958,430","1,965,555","1,974,275","1,983,803","1,988,026","1,992,720","1,991,857","1,989,990","1,995,120","1,995,499","2,005,025","2,010,456","2,016,937","2,027,539","2,036,018","2,036,332","2,043,695","2,046,041","2,050,178","2,051,731","2,055,230","2,058,933","2,055,368","2,058,722","2,063,482","2,058,022","2,069,892","2,082,857","2,088,740","2,092,828","2,093,825","2,094,089","2,095,204","2,096,484","2,096,200","2,106,881","2,109,074","2,113,471","1,953,872","1,745,102","1,824,864","1,933,025","1,983,298","2,003,120","2,021,767","2,033,928","2,047,437","2,052,950","2,066,196","2,070,553","2,091,597","2,071,061","2,065,336","2,083,991","2,098,309","2,115,525","2,124,860","2,142,684","2,154,359","2,163,121","2,155,778","2,171,185","2,186,554","2,185,112","2,190,713","2,195,767","2,198,013","2,203,842","2,207,355","2,203,613","2,202,295","2,194,953","2,216,104","2,221,039","2,227,268","2,226,437","2,228,431","2,225,245","2,226,040","2,228,795","2,228,005","2,231,875","2,235,434","2,231,727","2,238,984","2,248,365","2,248,699","2,257,172","2,259,009","2,259,851","2,262,704","2,265,726","2,271,637","2,278,876","2,273,003","2,279,667","2,288,909"
"Agriculture, forestry, fishing and hunting  [11]","39,196","39,157","39,033","39,034","39,004","39,118","39,266","39,601","39,822","40,086","40,247","40,099","40,121","40,320","40,592","40,766","40,574","40,510","40,302","40,428","40,409","40,489","40,356","40,428","40,322","40,618","40,731","40,561","40,635","40,614","40,455","40,316","40,176","40,035","39,805","39,848","39,830","40,722","40,643","40,735","41,057","41,394","41,677","41,485","41,380","41,152","42,053","41,398","41,076","41,062","41,370","41,743","41,067","41,572","41,891","42,092","42,035","41,661","41,352","40,780","39,827","39,063","38,103","37,180","36,565","36,179","35,435","33,933","32,168","31,688","32,228","33,643","35,543","36,558","37,621","38,531","39,245","39,946","40,415","41,554","43,164","43,209","42,722","42,018","41,317","40,831","40,396","40,109","39,753","38,940","38,957","38,532","38,012","37,706","38,302","38,815","39,255","39,295","39,383","39,433","39,576","39,833","40,063","40,172","40,348","40,553","40,594","40,514","40,501","40,566"
"Mining, quarrying, and oil and gas extraction  [21]","97,631","97,673","95,434","92,371","91,810","84,401","89,483","96,490","97,422","98,630","99,489","102,564","103,088","104,421","104,530","103,744","105,262","107,405","106,335","108,279","105,616","105,117","101,565","102,228","103,698","103,334","108,185","111,702","109,923","111,433","110,485","111,720","111,776","110,003","109,921","108,140","107,330","104,311","104,574","108,150","115,746","113,172","112,082","108,073","108,615","108,206","107,697","104,786","106,732","113,287","114,368","108,827","92,924","96,479","91,137","93,224","92,493","95,724","96,292","100,368","104,205","105,846","104,032","104,047","101,517","101,907","103,506","105,871","106,047","107,874","109,225","105,845","106,119","105,535","107,257","107,784","110,179","111,238","111,448","112,458","111,365","113,384","111,402","111,179","107,839","110,192","110,671","111,376","111,811","108,104","109,972","112,038","112,113","111,382","113,021","114,530","116,006","111,352","114,425","115,254","117,021","115,974","116,724","116,528","116,586","115,565","118,025","116,724","117,816","119,947"
Utilities  [22],"41,264","42,576","42,767","42,953","43,712","43,048","44,532","44,049","45,445","44,543","44,213","42,399","43,936","43,886","43,366","44,548","43,625","44,204","44,029","43,944","44,111","44,834","43,996","44,659","45,174","45,057","43,797","44,377","44,476","44,203","44,327","45,615","45,727","45,873","46,423","46,762","45,727","46,428","46,742","46,295","45,868","45,840","45,913","45,665","45,316","45,700","46,500","46,698","46,451","45,282","45,502","45,807","45,246","45,389","46,076","47,085","45,995","44,952","45,803","45,184","45,287","44,971","45,520","45,156","44,733","45,507","47,219","46,045","46,039","45,692","45,821","44,823","45,902","47,740","46,828","46,577","46,865","46,332","46,352","46,599","47,949","47,178","46,211","46,137","46,292","45,673","46,107","46,450","46,493","46,071","45,489","45,071","44,802","44,897","45,109","45,769","45,077","45,392","44,575","44,783","44,742","45,063","45,790","46,729","45,788","45,867","46,028","44,386","46,627","47,868"
Construction  [23],"150,073","149,833","148,473","146,601","147,374","144,806","143,574","144,238","143,553","144,649","144,991","145,924","146,111","147,102","147,535","147,688","150,079","148,501","151,318","152,399","151,801","153,275","154,830","155,541","155,123","155,643","156,937","157,373","157,554","157,990","156,989","156,217","155,101","154,497","153,886","153,043","153,182","153,677","153,177","153,820","153,922","155,749","157,743","159,565","158,276","158,867","158,305","159,440","160,379","160,593","160,902","154,278","127,673","147,735","156,835","154,309","153,844","154,529","156,254","156,700","159,488","160,943","163,923","167,417","171,366","167,955","165,774","163,749","163,809","163,071","164,606","164,850","165,309","166,852","168,578","169,258","168,261","168,042","167,943","167,103","166,892","165,560","166,852","166,626","166,053","166,450","165,605","166,433","167,359","166,030","166,156","166,545","166,217","165,475","165,091","164,308","163,475","163,413","164,540","165,895","164,629","164,525","163,685","163,814","164,996","166,515","166,472","166,821","167,534","168,778"
Manufacturing  [31-33],"203,484","205,931","203,853","202,774","203,660","200,673","203,078","203,400","203,436","203,680","201,207","203,771","204,819","205,860","205,346","206,984","207,865","209,008","209,156","207,512","204,730","205,297","207,099","209,810","209,077","211,361","211,933","213,872","214,825","211,708","215,410","214,802","213,459","214,960","214,957","213,830","212,755","213,988","212,908","214,190","212,829","217,024","214,707","213,667","213,450","213,408","212,314","213,025","211,870","205,189","208,671","190,893","153,616","169,208","190,188","199,096","202,858","204,294","204,929","207,724","207,954","210,754","207,193","209,403","205,187","204,162","207,067","206,224","207,841","204,371","209,292","211,172","212,890","215,839","216,717","218,689","216,671","214,987","217,617","215,466","215,451","215,856","213,125","212,719","211,003","213,845","215,911","215,890","214,764","216,149","214,606","212,587","213,434","212,989","211,526","212,624","210,591","210,437","209,578","207,130","208,060","210,315","207,527","205,738","205,570","204,917","205,916","204,903","202,578","204,167"
Wholesale trade  [41],"102,827","105,172","101,496","100,239","101,504","101,030","101,206","101,882","101,304","101,363","101,942","102,823","103,401","103,655","104,822","105,896","105,895","105,112","105,127","104,188","105,781","105,034","106,324","106,885","107,173","106,660","106,949","108,378","107,939","110,763","109,193","109,430","109,516","109,692","110,196","108,871","109,765","109,708","109,938","111,805","112,782","112,465","114,337","114,696","112,249","114,536","113,318","112,768","115,094","113,333","114,429","108,704","89,200","94,131","111,834","117,618","118,126","118,835","118,705","119,101","118,364","120,060","117,689","120,595","120,224","118,115","115,445","114,248","115,142","116,808","117,880","121,633","122,121","122,803","121,141","120,187","118,203","119,001","118,316","117,786","118,285","117,650","117,999","116,836","115,773","120,516","119,331","117,829","115,923","119,235","116,327","118,152","118,869","118,545","118,816","120,553","120,328","120,358","120,675","119,237","120,802","119,322","118,814","119,200","118,620","120,524","121,490","121,215","121,165","122,068"
Retail trade  [44-45],"97,239","99,070","99,972","98,543","99,736","98,898","98,493","99,363","99,353","100,198","100,484","100,906","100,892","102,746","102,750","102,482","102,992","102,260","102,533","101,527","101,403","101,026","103,188","102,627","102,078","102,488","103,545","103,461","102,888","105,642","104,923","104,839","106,031","106,727","106,809","106,498","106,737","106,801","106,205","107,135","106,868","106,953","107,565","107,506","107,643","107,517","106,455","106,881","108,787","106,216","105,672","95,657","79,344","92,702","108,735","108,202","107,799","110,503","111,571","112,448","109,367","106,076","112,958","115,567","108,979","105,106","110,375","110,108","112,554","111,818","112,603","113,191","110,217","111,319","111,740","113,633","112,868","113,318","112,694","112,280","113,082","112,711","112,121","110,873","112,101","113,849","113,368","113,586","114,281","114,321","114,198","113,558","113,574","113,908","115,059","114,980","115,118","114,915","114,790","114,383","115,230","114,219","114,275","115,251","115,719","117,016","117,224","116,657","119,650","118,585"
Transportation and warehousing  [48-49],"86,624","86,625","87,117","86,157","85,863","86,027","86,329","86,767","88,226","88,182","88,400","88,772","88,931","90,239","90,359","90,980","92,078","92,580","93,399","92,648","93,051","93,729","93,145","94,194","94,618","94,940","95,201","94,591","93,825","93,727","94,008","94,049","94,095","94,859","94,365","93,782","94,698","95,418","94,107","94,598","95,634","96,807","96,606","98,048","98,950","98,263","98,806","99,110","101,925","101,041","98,859","81,407","57,822","58,876","65,304","67,822","68,324","69,868","71,901","73,273","74,679","73,731","73,010","74,076","74,073","73,767","74,492","77,787","80,651","82,194","84,515","87,799","90,981","82,437","85,197","89,792","91,074","92,808","94,187","93,436","93,410","94,261","94,479","94,547","93,188","95,671","95,937","97,317","97,866","98,425","97,725","97,909","99,019","99,439","99,450","100,315","100,059","100,395","101,684","101,296","102,019","102,017","101,972","101,676","101,710","102,580","103,085","101,482","101,967","102,287"
Information and cultural industries  [51],"58,613","58,757","58,977","59,173","59,085","59,421","59,689","59,924","60,572","60,503","60,496","60,743","60,942","61,209","61,480","61,799","61,921","62,162","62,152","61,994","62,072","62,309","62,087","62,288","62,587","63,125","63,681","63,964","63,987","64,308","64,588","64,962","65,009","65,183","65,480","65,743","66,250","66,855","67,070","67,436","68,055","68,369","68,862","68,995","69,409","69,507","70,220","70,624","71,146","70,070","70,157","66,365","64,275","64,451","65,953","66,970","68,537","68,828","69,361","69,529","69,812","70,182","70,270","70,686","70,542","70,919","71,439","72,398","73,683","73,637","74,117","74,408","74,827","74,637","74,993","74,941","74,696","74,931","75,140","75,569","75,930","76,141","75,874","75,898","75,414","75,935","76,797","76,995","77,141","77,183","76,867","75,959","75,652","75,690","75,602","76,006","76,097","76,877","76,466","76,460","76,614","76,692","76,929","76,513","76,754","76,619","76,256","76,314","76,297","76,131"
Finance and insurance  [52],"122,127","124,148","123,778","124,024","124,281","124,111","124,836","126,771","127,092","128,123","127,501","128,374","128,551","127,843","130,723","132,445","134,087","136,868","137,453","136,746","136,017","136,184","136,449","137,192","137,885","137,957","138,903","137,262","136,843","137,409","137,082","137,070","138,532","138,934","140,623","139,712","140,029","140,611","139,193","139,951","140,844","141,007","141,186","141,857","142,782","142,980","143,846","144,281","145,486","144,858","145,614","140,141","143,497","143,605","146,278","147,413","147,812","148,551","150,418","151,752","151,853","153,494","154,548","154,689","154,216","155,966","157,268","159,244","160,873","162,491","162,802","163,641","163,920","164,240","163,318","163,543","162,746","162,132","160,809","160,813","160,519","160,060","159,410","160,711","160,287","161,522","161,686","162,520","162,124","162,669","162,125","161,727","162,044","162,187","163,091","162,711","163,410","163,617","165,109","164,454","165,996","165,790","166,533","167,329","168,526","169,331","169,319","168,551","168,815","169,395"
Real estate and rental and leasing  [53],"247,980","248,210","249,076","249,576","250,131","250,475","251,032","251,121","251,100","251,375","252,516","252,296","253,353","254,290","255,697","256,667","257,003","256,933","256,841","257,098","258,067","259,026","259,764","260,984","263,018","261,882","261,292","261,628","262,561","263,183","264,373","265,228","265,899","266,458","266,682","266,971","267,027","268,526","267,311","267,814","269,120","270,621","271,624","272,839","273,387","274,082","274,595","274,635","274,694","274,539","275,395","271,913","262,782","266,123","273,517","279,317","280,951","282,446","281,288","281,158","283,183","284,801","285,290","286,364","284,904","283,662","283,221","283,950","284,800","286,101","288,178","289,236","289,321","290,317","291,246","290,353","288,249","287,328","286,735","286,970","287,519","287,749","288,166","288,404","288,844","289,108","289,860","290,815","292,395","293,486","294,138","294,275","294,181","294,105","293,597","294,107","295,537","297,145","297,561","298,299","298,230","298,845","299,828","300,246","300,750","301,557","303,037","304,066","303,401","303,266"
"Professional, scientific and technical services  [54]","113,951","114,275","114,637","115,107","114,905","115,715","115,846","116,144","116,496","117,048","117,094","117,338","117,610","117,263","118,112","118,752","119,363","119,810","119,911","119,830","120,176","120,865","120,498","121,327","122,473","123,038","123,813","124,562","124,964","124,992","125,364","125,609","125,701","125,861","126,266","126,868","128,446","128,664","128,736","128,872","129,753","129,581","130,481","131,449","132,258","132,176","132,717","133,652","134,069","133,155","134,318","119,400","118,223","119,742","124,646","128,269","130,875","133,119","135,592","137,430","137,443","139,032","139,748","140,375","140,063","140,510","141,576","143,463","145,060","147,429","148,593","149,643","150,756","152,010","153,240","154,481","154,752","155,623","155,961","157,607","158,762","159,941","160,054","159,964","160,561","161,826","162,652","163,490","163,897","164,211","164,138","163,067","163,302","163,421","163,677","163,553","163,398","164,060","164,352","164,665","164,907","165,034","165,467","165,711","165,621","165,724","165,681","166,080","166,059","166,049"
Management of companies and enterprises  [55],"11,499","11,299","11,015","10,680","10,488","10,349","10,191","10,103","10,013","9,894","9,756","9,680","9,605","9,779","9,727","9,609","9,538","9,450","9,346","9,148","8,974","8,766","8,548","8,331","8,152","7,873","7,557","7,275","7,061","6,868","6,712","6,598","6,510","6,454","6,376","6,353","6,335","6,141","6,031","5,855","5,833","5,729","5,660","5,490","5,335","5,154","5,014","4,864","4,762","4,548","4,457","4,305","4,234","4,127","4,031","3,838","3,671","3,522","3,405","3,261","3,137","3,037","2,989","2,897","2,832","2,794","2,725","2,694","2,639","2,618","2,532","2,451","2,384","2,322","2,282","2,265","2,168","2,090","2,024","1,973","1,916","1,857","1,778","1,690","1,623","1,594","1,548","1,500","1,441","1,414","1,347","1,299","1,248","1,204","1,164","1,095","1,070","1,067","1,015",998,978,953,910,893,877,853,834,810,790,760
"Administrative and support, waste management and remediation services  [56]","57,177","57,247","57,323","57,282","57,047","56,993","56,923","56,932","56,908","56,814","56,479","56,377","56,631","56,678","56,561","56,626","56,520","56,669","56,703","56,421","56,262","56,032","55,512","55,554","55,822","56,789","57,053","57,337","57,520","57,676","58,016","58,111","58,184","58,578","58,760","59,307","59,089","59,197","58,919","58,705","58,442","58,318","58,388","58,649","58,792","58,868","59,067","59,170","59,193","58,505","58,490","47,607","40,761","41,963","47,273","48,460","50,338","51,627","52,705","53,393","54,110","54,884","54,322","54,489","54,620","54,450","54,772","55,460","56,222","56,367","56,821","56,903","57,434","57,524","57,966","58,138","57,855","58,024","58,181","58,325","58,458","58,461","58,260","58,380","58,240","58,528","58,837","58,872","59,123","58,994","58,888","58,631","58,534","58,595","58,610","58,605","58,543","58,774","58,738","58,754","58,655","58,523","58,286","58,249","58,211","58,248","58,349","58,286","58,620","58,776"
Educational services  [61],"106,444","106,570","106,834","107,134","107,224","107,312","107,310","107,205","107,230","107,640","107,872","108,047","108,084","107,620","107,984","108,085","108,224","108,343","108,705","108,850","109,296","109,922","109,889","110,334","111,108","111,622","111,883","112,187","112,613","112,893","113,122","113,174","113,337","113,405","113,398","113,501","113,497","113,762","113,849","114,342","114,459","114,510","114,493","115,162","115,094","115,395","115,455","115,439","115,808","116,156","115,746","106,191","96,334","103,482","105,658","110,184","112,840","113,566","113,673","113,824","114,278","114,577","114,864","116,460","111,483","114,177","115,118","116,365","117,044","117,052","117,217","117,441","117,502","116,594","116,603","116,456","117,128","117,707","118,570","118,542","118,568","118,946","119,117","119,610","120,067","120,712","121,226","121,351","121,439","121,577","121,745","122,159","122,819","122,975","122,743","118,683","113,887","122,360","123,392","124,413","125,173","126,311","126,310","126,783","127,288","127,496","127,083","127,115","127,025","127,554"
Health care and social assistance  [62],"144,583","145,146","145,545","145,949","145,980","146,342","146,616","146,959","147,255","147,326","147,320","147,331","147,178","147,301","147,398","147,675","147,717","147,761","148,217","148,338","148,698","148,940","148,966","149,369","149,928","150,938","151,532","152,089","152,600","153,073","153,485","153,863","153,855","154,147","154,326","154,554","154,898","154,859","155,013","155,071","155,239","155,275","155,874","156,389","157,049","157,181","157,694","158,462","159,318","158,869","159,918","150,265","137,620","142,378","150,333","155,045","156,748","157,884","159,176","160,006","160,358","161,206","162,063","162,904","163,680","164,559","165,475","166,386","166,858","167,019","167,162","167,296","167,564","167,635","168,705","169,072","169,287","169,528","169,942","170,624","170,913","171,959","172,570","172,979","173,362","173,959","174,644","175,224","175,534","175,917","176,197","176,313","176,592","177,133","177,623","177,847","177,741","179,319","180,222","181,106","181,536","182,037","182,469","182,977","183,566","184,024","184,502","184,640","185,348","185,361"
"Arts, entertainment and recreation  [71]","14,742","14,757","14,755","14,801","14,504","14,796","14,802","14,913","14,934","15,080","14,918","14,908","14,960","15,308","15,144","15,408","15,964","15,545","15,500","15,590","15,787","15,788","15,697","15,797","15,732","15,795","15,950","15,803","15,726","15,927","15,882","15,669","15,610","15,937","16,060","16,183","16,426","16,442","16,449","16,634","16,551","16,589","16,664","16,673","16,662","16,817","17,038","16,953","17,108","16,896","17,073","11,815","7,044","6,899","7,524","9,101","9,915","10,228","10,547","10,417","10,389","10,078","10,167","10,585","10,291","10,086","10,997","12,582","13,982","15,092","16,013","16,740","15,895","13,651","14,592","16,187","16,648","16,933","17,270","17,511","17,725","17,807","17,861","18,043","18,344","18,353","18,292","18,471","18,336","18,417","18,346","18,754","18,703","18,394","18,389","18,698","18,679","18,606","18,596","18,770","19,008","19,136","19,118","19,156","19,059","19,149","19,179","19,373","19,583","19,789"
Accommodation and food services  [72],"44,727","45,031","45,320","45,417","45,511","45,289","45,537","45,872","45,915","45,800","45,345","45,431","44,595","46,160","45,413","45,612","45,928","45,808","46,113","46,027","46,136","46,339","46,067","46,195","46,082","46,414","46,483","46,491","46,400","46,556","46,714","47,330","47,193","47,316","47,492","47,772","48,247","48,245","48,152","48,487","48,420","48,440","48,638","48,640","48,717","48,496","48,514","48,859","49,028","48,036","47,336","30,310","17,442","20,293","25,367","30,158","32,933","33,008","30,313","30,813","27,971","29,459","30,404","34,386","30,987","30,008","34,970","38,883","41,863","42,094","41,608","42,594","41,992","36,616","40,403","43,094","43,428","44,469","44,850","45,302","45,855","45,912","46,143","45,620","45,648","46,879","46,575","46,244","45,942","45,900","45,196","45,687","45,325","45,620","45,969","46,203","46,400","46,231","46,241","46,226","46,362","46,503","46,433","46,123","45,792","46,039","46,011","46,599","46,792","46,962"
Other services (except public administration)  [81],"39,870","39,712","39,514","39,390","39,262","39,274","39,240","39,244","39,320","39,373","39,379","39,486","39,629","39,773","40,123","40,425","40,642","40,824","41,010","41,019","41,185","41,309","41,255","41,283","41,316","41,471","41,508","41,572","41,524","41,526","41,460","41,489","41,496","41,383","41,390","41,411","41,590","41,654","41,613","41,694","41,806","41,751","41,743","41,756","41,676","41,659","41,622","41,644","41,674","41,330","41,413","37,514","30,765","32,282","34,054","36,424","37,505","38,075","38,339","38,424","38,367","38,240","38,311","38,298","38,320","38,612","38,824","39,473","39,938","40,404","40,785","40,957","41,058","41,481","41,689","42,070","42,238","42,553","42,920","43,144","43,331","43,523","43,544","43,497","43,538","43,825","43,969","44,134","44,437","44,152","44,176","44,176","44,178","44,202","44,207","44,345","44,371","44,491","44,548","44,466","44,576","44,471","44,455","44,479","44,393","44,313","44,115","44,106","44,026","44,025"
Public administration  [91],"138,564","139,012","139,386","139,583","139,926","140,836","141,002","140,607","140,735","140,959","140,671","140,735","140,832","141,492","141,754","141,960","141,909","142,078","142,567","143,147","143,779","144,301","144,353","144,498","144,630","145,126","145,552","146,075","146,688","147,448","147,870","148,318","148,641","148,676","149,039","149,160","149,255","149,861","149,864","150,064","150,090","150,287","150,268","150,581","150,691","150,386","151,055","151,071","151,698","152,565","153,113","145,177","141,283","141,729","144,420","147,145","148,089","149,726","151,040","151,214","152,167","152,374","152,761","154,244","154,502","154,289","155,436","155,649","154,635","156,571","155,380","155,907","156,236","155,558","156,582","156,612","156,512","157,433","157,901","158,344","158,792","158,404","159,943","160,547","160,860","161,636","162,108","162,629","160,022","162,540","163,061","163,255","163,637","163,831","164,032","164,142","164,531","164,898","165,385","165,335","165,237","165,930","166,546","167,617","168,135","167,882","167,874","167,366","167,651","168,268"
,,,,,,,,,,,,,,,,,,,,,,,,,,,,,,,,,,,,,,,,,,,,,,,,,,,,,,,,,,,,,,,,,,,,,,,,,,,,,,,,,,,,,,,,,,,,,,,,,,,,,,,,,,,,,,
,,,,,,,,,,,,,,,,,,,,,,,,,,,,,,,,,,,,,,,,,,,,,,,,,,,,,,,,,,,,,,,,,,,,,,,,,,,,,,,,,,,,,,,,,,,,,,,,,,,,,,,,,,,,,,
,,,,,,,,,,,,,,,,,,,,,,,,,,,,,,,,,,,,,,,,,,,,,,,,,,,,,,,,,,,,,,,,,,,,,,,,,,,,,,,,,,,,,,,,,,,,,,,,,,,,,,,,,,,,,,
,,,,,,,,,,,,,,,,,,,,,,,,,,,,,,,,,,,,,,,,,,,,,,,,,,,,,,,,,,,,,,,,,,,,,,,,,,,,,,,,,,,,,,,,,,,,,,,,,,,,,,,,,,,,,,
Footnotes:,,,,,,,,,,,,,,,,,,,,,,,,,,,,,,,,,,,,,,,,,,,,,,,,,,,,,,,,,,,,,,,,,,,,,,,,,,,,,,,,,,,,,,,,,,,,,,,,,,,,,,,,,,,,,,
1,Aggregates are not always equal to the sum of their components.,,,,,,,,,,,,,,,,,,,,,,,,,,,,,,,,,,,,,,,,,,,,,,,,,,,,,,,,,,,,,,,,,,,,,,,,,,,,,,,,,,,,,,,,,,,,,,,,,,,,,,,,,,,,,
2,"At the lowest level of detail, it may not be possible to produce a homogeneous series from 1997 to the present. Only industries and certain aggregates that provide good continuity back to 1997 have data from 1997 to 2006.",,,,,,,,,,,,,,,,,,,,,,,,,,,,,,,,,,,,,,,,,,,,,,,,,,,,,,,,,,,,,,,,,,,,,,,,,,,,,,,,,,,,,,,,,,,,,,,,,,,,,,,,,,,,,
3,"Effective November 30, 2023, the data is presented on a 2017 reference year basis.",,,,,,,,,,,,,,,,,,,,,,,,,,,,,,,,,,,,,,,,,,,,,,,,,,,,,,,,,,,,,,,,,,,,,,,,,,,,,,,,,,,,,,,,,,,,,,,,,,,,,,,,,,,,,
4,"The alphanumeric code appearing in square brackets beside the industry title represents the identification code of an aggregation of NAICS industries, whose definition is included in the full classification provided in the definitions, data sources and methods for the statistical program <a href=https://www23.statcan.gc.ca/imdb/p2SV.pl?Function=getSurvey&SDDS=1301"" rel=""external noopener noreferrer"" target=""_blank"">1301 - Gross domestic product by Industry - National (Monthly) (opens new window)</a>.""",,,,,,,,,,,,,,,,,,,,,,,,,,,,,,,,,,,,,,,,,,,,,,,,,,,,,,,,,,,,,,,,,,,,,,,,,,,,,,,,,,,,,,,,,,,,,,,,,,,,,,,,,,,,,
,,,,,,,,,,,,,,,,,,,,,,,,,,,,,,,,,,,,,,,,,,,,,,,,,,,,,,,,,,,,,,,,,,,,,,,,,,,,,,,,,,,,,,,,,,,,,,,,,,,,,,,,,,,,,,
,,,,,,,,,,,,,,,,,,,,,,,,,,,,,,,,,,,,,,,,,,,,,,,,,,,,,,,,,,,,,,,,,,,,,,,,,,,,,,,,,,,,,,,,,,,,,,,,,,,,,,,,,,,,,,
,,,,,,,,,,,,,,,,,,,,,,,,,,,,,,,,,,,,,,,,,,,,,,,,,,,,,,,,,,,,,,,,,,,,,,,,,,,,,,,,,,,,,,,,,,,,,,,,,,,,,,,,,,,,,,
"How to cite: Statistics Canada. Table 36-10-0434-01  Gross domestic product (GDP) at basic prices, by industry, monthly (x 1,000,000)",,,,,,,,,,,,,,,,,,,,,,,,,,,,,,,,,,,,,,,,,,,,,,,,,,,,,,,,,,,,,,,,,,,,,,,,,,,,,,,,,,,,,,,,,,,,,,,,,,,,,,,,,,,,,,
https://www150.statcan.gc.ca/t1/tbl1/en/tv.action?pid=3610043401,,,,,,,,,,,,,,,,,,,,,,,,,,,,,,,,,,,,,,,,,,,,,,,,,,,,,,,,,,,,,,,,,,,,,,,,,,,,,,,,,,,,,,,,,,,,,,,,,,,,,,,,,,,,,,